run,elapsed_ns,error
0,2076082,
1,1690697,
2,1488567,
3,1235154,
4,1220095,
5,1397592,
6,1297622,
7,1323641,
8,1755330,
9,1293053,
10,1112341,
11,1347145,
12,1524733,
13,1445866,
14,1347867,
15,1325154,
16,1350662,
17,1470480,
18,1777372,
19,1556663,
20,1615946,
21,1222329,
22,1664288,
23,1317209,
24,1205758,
25,1202933,
26,1312991,
27,1414664,
28,1295698,
29,1694899,
30,1171252,
31,1285749,
32,1393243,
33,1541314,
34,1343119,
35,1281541,
36,1630504,
37,1460153,
38,1257255,
39,1506939,
40,1342447,
41,1256884,
42,1436014,
43,1458497,
44,1588664,
45,1130305,
46,1424222,
47,1258418,
48,1349380,
49,1288495,
50,1784118,
51,1479356,
52,1537807,
53,1443319,
54,1369378,
55,1174869,
56,1695244,
57,1440305,
58,1416798,
59,1660270,
60,1304164,
61,1531726,
62,1275099,
63,1359539,
64,2966007,
65,1307331,
66,1129843,
67,1388294,
68,1470309,
69,1279457,
70,1261263,
71,1267975,
72,1810909,
73,1184917,
74,1418200,
75,1380692,
76,1388034,
77,1252526,
78,1045403,
79,1571713,
80,1282817,
81,1376842,
82,1480910,
83,1982093,
84,1463380,
85,1621687,
86,1219216,
87,1277424,
88,3002416,
89,1644851,
90,1279467,
91,1284096,
92,1203794,
93,1377533,
94,1266042,
95,1251354,
96,1368036,
97,1249761,
98,1436246,
99,1279197,
100,1298092,
101,1277384,
102,1251745,
103,1542787,
104,1254640,
105,1303824,
106,1068297,
107,1429211,
108,1617659,
109,1470570,
110,1253217,
111,1391641,
112,1110931,
113,1470941,
114,1314424,
115,1224743,
116,1448758,
117,1101840,
118,1066223,
119,1343616,
120,1213883,
121,1488461,
122,1189556,
123,1274538,
124,1418975,
125,1206570,
126,1264332,
127,1728248,
128,1404495,
129,1315135,
130,1350943,
131,1147667,
132,1196961,
133,1313452,
134,1376571,
135,1304204,
136,2622615,
137,1447056,
138,1820514,
139,1183823,
140,1536364,
141,1447720,
142,1514904,
143,1384327,
144,1186611,
145,1054460,
146,1189547,
147,1328751,
148,1098548,
149,1051675,
150,1130305,
151,1012481,
152,1116848,
153,1316227,
154,1153609,
155,1207140,
156,1273505,
157,1253778,
158,1563897,
159,1331727,
160,1208452,
161,1482152,
162,1757264,
163,1854408,
164,1415596,
165,1381985,
166,1132920,
167,1420695,
168,1178406,
169,1472663,
170,1040464,
171,1271593,
172,1326374,
173,1331957,
174,1795886,
175,1507710,
176,2077381,
177,1018572,
178,1532928,
179,1368847,
180,1316678,
181,1291630,
182,1327028,
183,1205698,
184,1875816,
185,1359148,
186,1196530,
187,1602550,
188,1209084,
189,1145212,
190,1516076,
191,1185720,
192,1471903,
193,1216638,
194,1418441,
195,1448578,
196,1424292,
197,1282473,
198,1498453,
199,1371302,
200,1144170,
201,1226006,
202,1482873,
203,1338389,
204,1202903,
205,1428520,
206,1270540,
207,1203022,
208,1885998,
209,2375818,
210,1377937,
211,1540342,
212,1243088,
213,987333,
214,1233911,
215,1268897,
216,1161514,
217,1382974,
218,1124032,
219,1104445,
220,1300137,
221,1448559,
222,1261303,
223,1616607,
224,1737547,
225,1199398,
226,1124914,
227,1208914,
228,1390248,
229,1543201,
230,1256036,
231,1124574,
232,1569475,
233,1181364,
234,1295407,
235,1420569,
236,1065632,
237,1213743,
238,1404905,
239,1282363,
240,1187313,
241,1237187,
242,1358298,
243,1314694,
244,1349701,
245,1328290,
246,1463496,
247,1423801,
248,1177273,
249,1602661,
250,1570961,
251,1309625,
252,1215556,
253,1235734,
254,1162255,
255,1538068,
256,1121919,
257,1257255,
258,1505086,
259,1155733,
260,1191440,
261,1354760,
262,1693803,
263,1897961,
264,1551864,
265,1261964,
266,1615334,
267,1104986,
268,1111239,
269,1421818,
270,1172274,
271,1179157,
272,1312570,
273,1228982,
274,1228728,
275,1586029,
276,1460702,
277,1573716,
278,1268847,
279,1247647,
280,2578181,
281,1217126,
282,1232682,
283,1151247,
284,1185256,
285,1057680,
286,1201229,
287,1271513,
288,1611477,
289,1143179,
290,1305407,
291,1352035,
292,1238770,
293,1129113,
294,1160272,
295,1201800,
296,1069620,
297,1406047,
298,1645683,
299,1303554,
300,1226898,
301,1429833,
302,1598366,
303,1205166,
304,1334312,
305,1421424,
306,1290909,
307,1408912,
308,1502574,
309,1512342,
310,1238840,
311,1243318,
312,1312961,
313,1119915,
314,1673258,
315,1151405,
316,1182232,
317,1127860,
318,1332198,
319,1250292,
320,1279828,
321,1156023,
322,1136986,
323,1660964,
324,1302682,
325,1385409,
326,1235213,
327,1264038,
328,1135625,
329,1329392,
330,1209836,
331,1063668,
332,1400518,
333,1171162,
334,1111409,
335,1267455,
336,1424512,
337,1249861,
338,1343709,
339,1336182,
340,2814078,
341,1479096,
342,1215245,
343,1161143,
344,1495257,
345,1669357,
346,1659278,
347,2003842,
348,1364489,
349,1418872,
350,3421131,
351,1478355,
352,1551052,
353,1381101,
354,1301559,
355,1557765,
356,1179718,
357,1263037,
358,1329185,
359,1204919,
360,1486961,
361,1325245,
362,1166984,
363,1276862,
364,1259390,
365,1301039,
366,1385079,
367,1178906,
368,1327799,
369,1263818,
370,1320886,
371,1205203,
372,1823724,
373,1530904,
374,1537560,
375,1445011,
376,1384217,
377,1161814,
378,1356825,
379,1295577,
380,1315656,
381,1530142,
382,1499776,
383,1198434,
384,1208112,
385,1190529,
386,1093624,
387,1123531,
388,1681052,
389,1252947,
390,1173136,
391,1243890,
392,1315015,
393,1534872,
394,1107231,
395,1586941,
396,1458988,
397,1933017,
398,1359780,
399,1216027,
400,1052727,
401,1276050,
402,1270772,
403,1175079,
404,1344300,
405,1433380,
406,1292826,
407,1196561,
408,1425815,
409,1597621,
410,1352596,
411,1489299,
412,1211040,
413,1335674,
414,1358450,
415,1443689,
416,1458216,
417,1221598,
418,1651804,
419,1308603,
420,1438980,
421,1348568,
422,1616400,
423,2388270,
424,1480550,
425,1385839,
426,1750411,
427,1245042,
428,1187907,
429,1345853,
430,1163728,
431,1377504,
432,1591091,
433,1343138,
434,1107170,
435,1441902,
436,1364736,
437,3042312,
438,1191009,
439,1584286,
440,1261493,
441,1500005,
442,1580960,
443,1589927,
444,1390307,
445,1522919,
446,1325465,
447,1335794,
448,1408702,
449,1191731,
450,1211990,
451,1249788,
452,1301593,
453,1208142,
454,1197572,
455,1342718,
456,1216217,
457,1416497,
458,1199335,
459,1497201,
460,1542837,
461,1338229,
462,1121558,
463,1513872,
464,1625580,
465,1392121,
466,1653223,
467,1263384,
468,2075500,
469,1554129,
470,1297542,
471,1385157,
472,1187182,
473,1200467,
474,1152898,
475,1369208,
476,1384267,
477,1232989,
478,1319845,
479,1189847,
480,1258077,
481,1139021,
482,1227752,
483,1260041,
484,1128771,
485,1487102,
486,1492181,
487,1672092,
488,1310336,
489,1337848,
490,1372424,
491,1268717,
492,1242657,
493,1351114,
494,1230655,
495,2555027,
496,1487152,
497,1312921,
498,1189677,
499,1592070,
500,1328136,
501,1344962,
502,1194005,
503,1042367,
504,2064466,
505,1101981,
506,1693693,
507,1277173,
508,1341104,
509,1608354,
510,1251183,
511,1531990,
512,1172407,
513,1620735,
514,1189807,
515,1241335,
516,1290738,
517,1260942,
518,1364128,
519,1766762,
520,1443759,
521,1271592,
522,1162325,
523,1051525,
524,1286110,
525,2032676,
526,1700907,
527,1419303,
528,1234693,
529,1259811,
530,1284053,
531,1213111,
532,1271052,
533,1305226,
534,1434592,
535,1379878,
536,1279627,
537,1435022,
538,1974787,
539,1569040,
540,1377784,
541,1070942,
542,1189036,
543,1214184,
544,1266052,
545,1227779,
546,1333600,
547,1273545,
548,1453528,
549,1146211,
550,1109365,
551,1408402,
552,1302752,
553,1269829,
554,1276231,
555,1410707,
556,1144151,
557,1123321,
558,1646417,
559,1163647,
560,1387823,
561,1349771,
562,1611697,
563,2177040,
564,1181011,
565,1285699,
566,1267625,
567,1146064,
568,1324523,
569,1224173,
570,1333530,
571,1478124,
572,1280450,
573,1299996,
574,1247186,
575,1327007,
576,1255472,
577,1278956,
578,1343489,
579,1298523,
580,1293544,
581,1206809,
582,1398694,
583,1194696,
584,1244070,
585,1541825,
586,1489025,
587,1153168,
588,1321207,
589,1376291,
590,1280369,
591,1282133,
592,1168898,
593,1164259,
594,1199345,
595,1186721,
596,1595307,
597,1460784,
598,1055673,
599,858288,
600,1172665,
601,2130181,
602,1591440,
603,1468356,
604,1109945,
605,1390578,
606,1479226,
607,1376251,
608,1203894,
609,1839500,
610,1384477,
611,1112331,
612,1355826,
613,1171893,
614,1612459,
615,1372945,
616,1213072,
617,1073447,
618,1159861,
619,1024724,
620,1401138,
621,1118432,
622,1306459,
623,1144952,
624,1021959,
625,1064940,
626,1343810,
627,1246084,
628,1258657,
629,1176262,
630,1195889,
631,2618808,
632,1087520,
633,1282734,
634,1065131,
635,1211849,
636,1175409,
637,1281812,
638,1551504,
639,1121677,
640,1198514,
641,1151344,
642,1253999,
643,1246164,
644,1186594,
645,1371956,
646,1307470,
647,1285038,
648,1159430,
649,1470337,
650,1394015,
651,1368336,
652,1248178,
653,1422980,
654,1351895,
655,1178536,
656,1301589,
657,1317339,
658,1322960,
659,1143159,
660,1198955,
661,1288294,
662,1612379,
663,1183075,
664,1116459,
665,1716076,
666,1177644,
667,1203754,
668,1251534,
669,1367605,
670,1505049,
671,1279478,
672,1267145,
673,1225375,
674,1334382,
675,1289106,
676,1093986,
677,1128010,
678,1290549,
679,1072916,
680,1258250,
681,1268687,
682,1234693,
683,1217891,
684,1318611,
685,1270330,
686,1426707,
687,1373024,
688,1220446,
689,1468356,
690,1149782,
691,1488193,
692,1191059,
693,1184467,
694,1353228,
695,1236145,
696,1259269,
697,1619422,
698,1460982,
699,1197302,
700,1258407,
701,1437918,
702,1378645,
703,1517850,
704,1007011,
705,1470850,
706,1145163,
707,1601699,
708,1275169,
709,1170180,
710,1387145,
711,1452165,
712,1251374,
713,1532708,
714,1558637,
715,1104976,
716,1079358,
717,1409648,
718,1638679,
719,1365885,
720,1304575,
721,1523220,
722,1216548,
723,1354098,
724,1349460,
725,1476194,
726,1174659,
727,1173597,
728,1210577,
729,1417349,
730,1359921,
731,1165191,
732,1598877,
733,1157095,
734,1315279,
735,1297061,
736,1269889,
737,1302050,
738,1352266,
739,1098534,
740,1203394,
741,1414931,
742,1475382,
743,1285950,
744,1057616,
745,1251766,
746,1311278,
747,1354049,
748,1315145,
749,1176141,
750,1445322,
751,1350966,
752,1286972,
753,1342307,
754,1285709,
755,1145543,
756,1481491,
757,1185529,
758,1122900,
759,1012440,
760,1744490,
761,1659375,
762,1276071,
763,1270410,
764,1274518,
765,1607373,
766,990760,
767,1386730,
768,1162195,
769,1216498,
770,1330314,
771,1245606,
772,1089828,
773,1355472,
774,1151284,
775,1733709,
776,2031737,
777,1255041,
778,1270461,
779,1389917,
780,1301669,
781,1191170,
782,1248939,
783,1310757,
784,1087583,
785,1350332,
786,1213151,
787,1449891,
788,1054260,
789,1363307,
790,1209495,
791,1139412,
792,1529061,
793,1317119,
794,137056012,
795,2364547,
796,1580379,
797,1526469,
798,1384467,
799,1142618,
800,1351066,
801,1239014,
802,1198831,
803,1214134,
804,1172194,
805,1526898,
806,1782663,
807,3910360,
808,1256163,
809,1310016,
810,1139175,
811,1361564,
812,1392903,
813,1172505,
814,1259870,
815,1587593,
816,1497622,
817,1275250,
818,1139753,
819,1150022,
820,1770099,
821,1309304,
822,1076603,
823,1539812,
824,1138681,
825,1355775,
826,1538740,
827,1274057,
828,1162887,
829,1066073,
830,1233290,
831,1238961,
832,1316598,
833,1384477,
834,1283786,
835,1337047,
836,1221438,
837,1826459,
838,1442387,
839,1251414,
840,1201670,
841,1323120,
842,1334251,
843,1115467,
844,1392312,
845,2208830,
846,1403113,
847,1631405,
848,1444130,
849,1322779,
850,1371742,
851,1308954,
852,1204896,
853,1173837,
854,1255743,
855,1135905,
856,1184698,
857,1291070,
858,1433841,
859,1249678,
860,1326477,
861,1179441,
862,1444712,
863,1177283,
864,1130916,
865,1512941,
866,1170251,
867,1305457,
868,1444110,
869,1338169,
870,1442778,
871,1249251,
872,1233531,
873,1163708,
874,1205197,
875,1368186,
876,1319203,
877,1442858,
878,1113422,
879,1658437,
880,1384146,
881,2503309,
882,1418171,
883,1156234,
884,1612820,
885,1236115,
886,1233981,
887,1324566,
888,1259610,
889,1300638,
890,1320034,
891,1167926,
892,1193243,
893,1160322,
894,1245553,
895,1416898,
896,1657006,
897,1149541,
898,1284948,
899,1456815,
900,1331536,
901,1676761,
902,1558871,
903,1173787,
904,1305217,
905,1367755,
906,1102742,
907,1161804,
908,1335754,
909,1200397,
910,1173707,
911,1147016,
912,1305146,
913,1165081,
914,1303296,
915,1765249,
916,1221578,
917,1331396,
918,1075020,
919,1326907,
920,1196420,
921,1258277,
922,1376943,
923,1256066,
924,1303142,
925,1373847,
926,1540433,
927,1234812,
928,1773695,
929,1321126,
930,1009886,
931,1096711,
932,1306058,
933,1240854,
934,1185028,
935,1098016,
936,1131125,
937,1205316,
938,1234282,
939,1211990,
940,1174248,
941,1170161,
942,1139582,
943,1173517,
944,1389646,
945,1429021,
946,1401478,
947,1351565,
948,1139332,
949,1247958,
950,1216658,
951,1288358,
952,975932,
953,1189898,
954,1111649,
955,1176763,
956,1489557,
957,1197842,
958,1156795,
959,1269826,
960,1028241,
961,1156110,
962,1125048,
963,1742322,
964,1117200,
965,1187804,
966,1200000,
967,1209385,
968,1685557,
969,1192513,
970,1442145,
971,1383915,
972,1321888,
973,1144511,
974,1287553,
975,1190408,
976,1263069,
977,1438519,
978,1328350,
979,1098454,
980,1578555,
981,1379911,
982,1158058,
983,1250422,
984,1512509,
985,1633159,
986,1594876,
987,1230975,
988,1388063,
989,1050974,
990,1682502,
991,1160021,
992,1467184,
993,1238159,
994,1382083,
995,1472783,
996,1350882,
997,1158458,
998,1226697,
999,1243218,
